location,image,age
Disneyland Hong Kong,https://variety.com/wp-content/uploads/2024/02/Hong-Kong-Disneyland-GettyImages-1236636760-cr-res.jpg?w=1000&h=563&crop=1,25:55.1
Victoria Peak,"https://lp-cms-production.imgix.net/2019-06/102175235.jpg?auto=format&w=1920&h=640&fit=crop&crop=faces,edges&q=75",25:55.1
Ocean Park Hong Kong,https://variety.com/wp-content/uploads/2021/01/Ocean-Park-Green-Staycation_Hiking_2-lcr-res.jpg?w=999&h=561&crop=1,25:55.1
Marina Bay Sands,https://media.gettyimages.com/id/1303963768/photo/marina-bay-sands-singapore.jpg?s=612x612&w=0&k=20&c=Gw9b2z1ZiO8bpYlYIZz5xXnpRsPNuLrsKphdA8R-j0A=,25:55.1
Gardens by the Bay,https://media.gettyimages.com/id/169676361/photo/gardens-by-the-bay.jpg?s=612x612&w=0&k=20&c=-I4L_mbXxCtexLoXwL2Ma6vYtyklWLPZoP6_yolKbAc=,25:55.1
MacRitchie Reservoir Park,https://www.littledayout.com/wp-content/uploads/macritchie-reservoir-00.jpg,25:55.1
Bukit Timah Nature Reserve,https://images.alltrails.com/eyJidWNrZXQiOiJhc3NldHMuYWxsdHJhaWxzLmNvbSIsImtleSI6InVwbG9hZHMvcGhvdG8vaW1hZ2UvNDU0NTEyNjcvYjYwNGE3N2IzYTQyZTIyN2YzNGYwOTkxMTMyYzBlNDIuanBnIiwiZWRpdHMiOnsidG9Gb3JtYXQiOiJqcGVnIiwicmVzaXplIjp7IndpZHRoIjo1MDAsImhlaWdodCI6NTAwLCJmaXQiOiJpbnNpZGUifSwicm90YXRlIjpudWxsLCJqcGVnIjp7InRyZWxsaXNRdWFudGlzYXRpb24iOnRydWUsIm92ZXJzaG9vdERlcmluZ2luZyI6dHJ1ZSwib3B0aW1pc2VTY2FucyI6dHJ1ZSwicXVhbnRpc2F0aW9uVGFibGUiOjN9fX0=,25:55.1
Pulau Ubin,https://media.timeout.com/images/105680453/750/422/image.jpg,25:55.1
Henderson Waves,https://media.gettyimages.com/id/516936842/photo/henderson-waves.jpg?s=612x612&w=0&k=20&c=Ls8dwIYNnILTCaAkAnzyaeHb-78CIe1tLb0G6y_-57s=,25:58.2
Singapore Botanic Gardens,https://images.unsplash.com/photo-1517570123306-d58896657b2c?q=80&w=1000&auto=format&fit=crop&ixlib=rb-4.0.3&ixid=M3wxMjA3fDB8MHxzZWFyY2h8MTd8fHNpbmdhcG9yZSUyMGJvdGFuaWMlMjBnYXJkZW5zfGVufDB8fDB8fHww,55:54.9
St. Peter's Basilica,https://media.gettyimages.com/id/583793992/photo/saint-peter-basilica.jpg?s=612x612&w=0&k=20&c=UDZK350zwZLE7Zcl-cI4U2SPYnv4c2-Twz_r69Lbru8=,57:13.1
Vatican Museums,https://cdn-imgix.headout.com/media/images/11eac419aa5a70bb4880af309b28c40a-15847-rome-guided-tour--30-guests--of-vatican-museum---sistine-chapel-02.jpg?auto=format&w=814.9333333333333&h=458.4&q=90&ar=16:9&crop=faces,57:16.5
Castel Sant'Angelo,https://cdn-imgix.headout.com/tour/25224/TOUR-IMAGE/70e20e75-6fc5-4c64-8be8-aa400099bebd-13091-rome-castel-sant-angelo-skip-the-line-tickets-02.jpg?auto=format&w=713.0666666666667&h=458.4&q=90&ar=14:9&crop=faces,57:19.6
Basilica di Santa Maria Maggiore,https://mlynpfj2vdjy.i.optimole.com/cb:HrmV~259e/w:1420/h:799/q:mauto/ig:avif/f:best/https://www.travelherstory.com/wp-content/uploads/2019/02/Basilica-Papale-di-Santa-Maria-Maggiore-scaled.jpg,57:22.8
Basilica di San Giovanni in Laterano,https://www.rometoolkit.com/Images/whattodo/basillica-san-giovanni.jpg,57:26.2
Basilica di Santa Croce in Gerusalemme,https://www.walksinrome.com/uploads/2/5/1/0/25107996/a-detail-of-the-facade-of-the-church-santa-croce-in-gerusalemme-rome.jpg,57:29.2
Nongsa Beach,https://utiket.com/images/uploads/tpimages/Pantai-Nongsa.jpg,2024-02-28 22:17:36.397519
Barelang Bridge,"https://dbijapkm3o6fj.cloudfront.net/resources/2792,1004,1,6,4,0,600,450/-4601-/20150401173501/barelang-bridge.jpeg",2024-02-28 22:17:39.059637
Lantau Island,https://www.discoverhongkong.com/content/dam/dhk/intl/explore/great-outdoors/the-best-things-to-do-on-lantau-island/header16_9.jpg,2024-03-01 11:03:29.711175
Hong Kong Park,https://images.chinahighlights.com/allpicture/2014/05/hong-kongfcefbe8351d8_cut_800x500_61.jpg,2024-03-01 11:03:32.952095
Southern Ridges,https://db3pap006files.storage.live.com/y4m38MktR9uaGttyBiBC5VSOAgbIO22calY-2Ds5VD1dN_PRYRMYqhS1GDJPkQRhnJ5xYliubHHz0VLuFIJDv9IuoWg0jobgMyPk9ytk7-NgcFDwvhWZZq7UhIPBatmSU_q4mJHBog7whq_66qSXmuW7FveGczZwmdvi4FSkV-Fzo4O5crOV540Nwtf6Ec7I91i?width=1024&height=681&cropmode=none,2024-03-10 20:00:12.604669
Imperial Palace,https://media.gettyimages.com/id/158292233/photo/imperial-palace.jpg?s=612x612&w=0&k=20&c=_lR_iCAP_7hnhUTq2rrNvo2-v3FgcrvD4948oghDBmg=,2024-03-10 20:25:18.542034
Meiji Shrine,https://blog.japanwondertravel.com/wp-content/uploads/2020/03/photo-1574790850000-d092232cde92-1200x800.jpg,2024-03-10 20:25:21.765708
Asakusa Sensoji Temple,https://resources.matcha-jp.com/resize/720x2000/2019/03/12-72903.webp,2024-03-10 20:25:25.305256
Tsukiji Fish Market,https://blog.japanwondertravel.com/wp-content/uploads/2020/03/15596995269950-1200x900.jpg,2024-03-10 20:25:28.884091
Shinjuku Gyoen National Garden,https://youimg1.tripcdn.com/target/100j0y000000lzasgF994_C_900_600.jpg_.webp?proc=source/trip,2024-03-10 20:25:32.473798
Mount Takao,https://upload.wikimedia.org/wikipedia/commons/a/a9/Abies_firma3.JPG,2024-03-10 20:25:41.706020
Tokyo Tower,https://media.istockphoto.com/id/526845820/photo/tokyo-tower-night-view.jpg?s=612x612&w=0&k=20&c=mm3hbBKG7i72YYQE-UsRqxMNJNrfTQfn4Ngf06fCNTw=,2024-03-10 20:25:45.063197
Shibuya Crossing,https://media.gettyimages.com/id/597604068/photo/shibuya-crossing.jpg?s=612x612&w=0&k=20&c=lwktrDCNtwakwLAyX0Aw-6LdTsDdiZXcAOtExGqoOEM=,2024-03-10 20:25:52.730727
MacRitchie Nature Trail,https://media.timeout.com/images/103788591/750/562/image.jpg,2024-03-10 20:32:04.571528
Haw Par Villa,https://upload.wikimedia.org/wikipedia/commons/1/14/Haw_Par_Villa_Paifang.jpg,2024-03-11 10:17:07.696343
Mount Fuji,https://media.istockphoto.com/id/485999361/photo/mount-fuji-at-kawaguchi-lake.jpg?s=612x612&w=0&k=20&c=FeUhrqQcIJddWqdo5viz-_pWqs3IMe1FOoR7rQ1rXnE=,2024-03-11 10:18:15.192150
Harajuku,https://thejapaneseshop.co.uk/cdn/shop/articles/what-is-harajuku-style.jpg?v=1669994240&width=1100,2024-03-11 10:20:48.557371
Mt. Takao,https://www.japanrailpassnow.com/wp-content/uploads/2016/10/1000x667xMount-Takao.jpg.pagespeed.ic.R2-7EiKaIw.jpg,2024-03-11 10:20:57.659008
Tokyo Skytree,https://media.istockphoto.com/id/174873911/photo/tokyo-skytree-and-river-scenery.jpg?s=612x612&w=0&k=20&c=nKSHGIoscr6HPkBR8A7elyabjJXI3Vq3tOHl0XOT_v8=,2024-03-11 10:26:45.738960
Asakusa Senso-ji Temple,https://resources.matcha-jp.com/resize/720x2000/2019/03/12-72903.webp,2024-03-11 10:45:30.804001
Akihabara,https://cdn.cheapoguides.com/wp-content/uploads/sites/2/2020/05/akihabara-iStock-484915982-1024x600.jpg,2024-03-11 10:50:02.767464
Yoyogi Park,"https://lp-cms-production.imgix.net/2024-02/GettyImages-507163118.jpeg?auto=format&w=1920&h=640&fit=crop&crop=faces,edges&q=75",2024-03-11 10:50:06.016228
Meiji Jingu Shrine,"https://res-4.cloudinary.com/jnto/image/upload/w_750,h_503,c_fill,f_auto,fl_lossy,q_auto/v1513945803/tokyo/Tokyo2331_8.jpg",2024-03-11 11:08:19.148956
Asakusa Shrine,https://www.asakusajinja.jp/wp-content/uploads/2018/04/im_asakusa_keidai04.jpg,2024-03-11 11:11:11.456110
Tokyo Imperial Palace,https://blog.japanwondertravel.com/wp-content/uploads/2020/05/Tokyo-Imperial-Palace.jpg,2024-03-11 11:11:17.904500
Robot Restaurant,https://www.robotlab.com/hs-fs/hubfs/Restaurant-Robots/Restaurant-Robots.jpg?width=1920&name=Restaurant-Robots.jpg,2024-03-11 11:11:21.086932
Dinner in Shibuya,https://rimage.gnst.jp/livejapan.com/public/article/detail/a/00/04/a0004229/img/basic/a0004229_main.jpg?20210106110243&q=80,2024-03-11 11:13:24.197510
Hong Kong Disneyland,https://www.thethemeparkguy.com/park/hong-kong-disneyland/hong-kong-disneyland-39-big.jpg,2024-03-11 11:14:30.248136
Hong Kong Wetland Park,"https://lp-cms-production.imgix.net/2019-06/452749345_super.jpg?auto=format&w=1920&h=640&fit=crop&crop=faces,edges&q=75",2024-03-11 11:14:37.001621
Hong Kong Botanical Gardens,https://www.gohk.gov.hk/uploads/photo/1_C&W_35_Botanical_LCSD_1_1690530195.jpg,2024-03-11 11:14:40.081434
Lamma Island,https://a.travel-assets.com/findyours-php/viewfinder/images/res70/44000/44466-Lamma-Island.jpg?impolicy=fcrop&w=1040&h=580&q=mediumHigh,2024-03-11 11:15:49.097270
Mai Po Nature Reserve,https://wwfhk.awsassets.panda.org/img/landing_maipo_1_46780.jpg,2024-03-11 11:15:52.269045
Tokyo DisneySea,https://www.themeparktourist.com/files/images/1_0.jpg,2024-03-11 11:17:08.351615
Ueno Park,https://anaintercontinental-tokyo.jp/wp-content/uploads/2018/07/Ueno-Park-1024x576.jpg,2024-03-11 11:17:11.433301
Tokyo Disneyland,https://media.gettyimages.com/id/612573872/photo/tokyo-disneyland.jpg?s=612x612&w=0&k=20&c=G6F_9Rt7Fs1LXJpLZv5i7NwGxcLgUU6O6F9Xabp1A-8=,2024-03-11 11:31:30.572582
Tokyo Dome City,https://photos.smugmug.com/photos/i-cmRfQmj/0/ce05f19d/L/i-cmRfQmj-L.jpg,2024-03-11 11:31:33.810881
Odaiba,https://www.gotokyo.org/en/destinations/southern-tokyo/odaiba/images/40_100.jpg,2024-03-11 11:34:08.993051
Changi Airport,https://media.gettyimages.com/id/1038459596/photo/singapore-changi-airport.jpg?s=612x612&w=0&k=20&c=qLPrwB_dx37_tPTED0mSEs0IRhkOYVSI4LRTdH9K0w4=,2024-03-11 12:47:46.543519
Mount Faber Park,https://trevallog.com/wp-content/uploads/2022/02/Mount-Faber-Park-Carpark-B.jpg,2024-03-11 12:47:49.630506
Kampong Glam,https://img2.10bestmedia.com/Images/Photos/215996/ArabQuarter7a1_55_660x440_201404232344.jpg,2024-03-11 12:47:52.746142
Clarke Quay,"https://media.cntraveler.com/photos/5d543cc1390687000a7f842d/16:9/w_2560,c_limit/00-singapore-clarkequay-2019-GettyImages-617781874.jpg",2024-03-11 12:47:55.813070
Sentosa Island,https://media.gettyimages.com/id/1156656031/photo/sentosa-island-from-above.jpg?s=612x612&w=0&k=20&c=Ozl5H7X2ATrX7tSq5h2dcuoyp6cygudzAgGVztlF5h0=,2024-03-11 13:01:39.614149
Henderson Waves Bridge,https://worldtoptop.com/wp-content/uploads/2011/05/henderson_waves_bridge_5.jpg.webp,2024-03-11 13:02:58.912317
MacRitchie Nature Reserve,https://media.timeout.com/images/103788591/750/562/image.jpg,2024-03-11 13:37:52.886375
Chinatown,https://m.media-amazon.com/images/M/MV5BZjY0NzViNDYtMzQ1My00NTlhLWJjYzEtNTNhNjZiZDczN2VlXkEyXkFqcGdeQXVyNzU1NzE3NTg@.jpg,2024-03-11 13:44:03.515002
Merlion Park,https://media1.thrillophilia.com/filestore/xkc5gws4qd4uax4hvxwihi35fv35_1563619864_shutterstock_793620280.jpg?w=1440&dpr=2,2024-03-11 13:44:06.591456
National Museum of Singapore,"https://cdn-imgix.headout.com/tour/13474/TOUR-IMAGE/f274a6b3-5268-4743-aea2-1918ee801731-7379-singapore-national-museum-of-singapore-03.jpg?auto=format&w=552&h=412.8&q=90&ar=3:4&crop=faces,center&fit=crop",2024-03-11 13:44:09.787683
HortPark,https://www.eventbutler.sg/wp-content/uploads/2020/03/Greenhouse-1-1200x675.jpg,2024-03-11 14:00:08.312612
Singapore Zoo,https://media.gettyimages.com/id/984178958/photo/singapore-zoo.jpg?s=612x612&w=0&k=20&c=HUjoznfJSjT8V3sBf_Uorx5lLAIQ7APqYBeuvK9uHTM=,2024-03-11 14:03:15.436376
"Manadarin Oriental, Singapore","https://media.cntraveler.com/photos/5a85f97efe6fd1553e242542/16:9/w_2560,c_limit/Mandarin-Oriental-Singapore_2018Mandarin-Oriental,-Singapore-Dolce-Vita-Interior.jpg",2024-03-11 14:05:03.213085
Pulau Ubin Island,https://www.littledayout.com/wp-content/uploads/pulau-ubin-00b.jpg,2024-03-11 14:28:09.427229
Shiba Park,https://cdn.cheapoguides.com/wp-content/uploads/sites/2/2014/12/grass-shiba-park_gdl-1024x600.jpg,2024-03-11 14:56:10.495539
Tokyo Metropolitan Government Building Observatory,https://media.timeout.com/images/105454646/750/422/image.jpg,2024-03-11 15:04:47.083928
Hong Kong Science Museum,https://mediaim.expedia.com/destination/1/d205f4678090dd3a077390018a7e0e05.jpg?impolicy=fcrop&w=1040&h=580&q=mediumHigh,2024-03-11 15:10:41.933336
Hong Kong Zoological and Botanical Gardens,https://www.beijing-visitor.com/images/content_images/central2017-4.jpg,2024-03-11 15:15:22.995735
Sai Kung East Country Park,https://peakvisor.com/photo/Sai-Kung-East-Country-Park.jpg,2024-03-11 15:21:10.070758
Meiji Shrine and Yoyogi Park,https://upload.wikimedia.org/wikipedia/commons/e/e6/Yoyogi_Park_from_Hyatt.jpg,2024-03-11 15:22:13.087670
Tokyo Bay Cruise,"https://res.klook.com/images/fl_lossy.progressive,q_65/c_fill,w_1295,h_900/w_80,x_15,y_15,g_south_west,l_Klook_water_br_trans_yhcmh3/activities/la7vsfka43msfcgom0mp/TokyoBayDinnerCruise(TheSymphony).jpg",2024-03-11 15:31:11.037896
Tsukiji Outer Market,https://cdn.cheapoguides.com/wp-content/uploads/sites/2/2020/03/tsukiji-outer-market-tourists-adriana-paradiso-770x578.jpg,2024-03-11 15:32:53.698916
Disneyland and DisneySea,"https://www.havehalalwilltravel.com/cdn-cgi/image/width=3840,f=auto,quality=60/https://minio.havehalalwilltravel.com/hhwt-upload/images/16012023115055_1665384161759_FEAT.original.format-webp.webp",2024-03-11 15:42:27.824761
Rainbow Bridge,https://www.rainbowsbridge.com/Images/Gate_pics/Gate_Pic_100213.jpg,2024-03-11 15:56:55.296105
Disneyland Tokyo,https://media.gettyimages.com/id/612573872/photo/tokyo-disneyland.jpg?s=612x612&w=0&k=20&c=G6F_9Rt7Fs1LXJpLZv5i7NwGxcLgUU6O6F9Xabp1A-8=,2024-03-11 15:58:30.594283
TeamLab Borderless,https://media.timeout.com/images/106032252/750/422/image.jpg,2024-03-11 15:58:33.767421
Haji Lane,https://mltqzv6gowdv.i.optimole.com/cb:DH-B.20493/w:1024/h:684/q:mauto/f:best/https://www.lovelens-rnd.com/storage/2019/08/Couple-Photography-Singapore-Photographer-LoveLens-Randy-Haji-Lane-Singapore-5-of-13.jpg,2024-03-11 16:21:04.682555
Edo-Tokyo Museum,https://media.timeout.com/images/105770868/750/422/image.jpg,2024-03-11 16:33:00.260210
Yanaka,https://cdn.cheapoguides.com/wp-content/uploads/sites/2/2017/04/Yanaka-Adrienne-770x513.jpg,2024-03-11 16:37:41.021843
Ginza,https://media.istockphoto.com/id/1197293585/photo/ginza-district-tokyo-japan.jpg?s=612x612&w=0&k=20&c=S9FTp_LO6HOKc2LNhKgJbEg2ItNFWeVuCnG-ax3pfSI=,2024-03-11 16:37:43.922514
Roppongi,https://media.gettyimages.com/id/126482092/photo/roppongi.jpg?s=612x612&w=0&k=20&c=rJ4SOdEFesqEzfjloNkSygrJ5UCv8z0PG6XwvqDQ5sU=,2024-03-11 16:37:49.859884
Akiya,https://cheaphousesjapan.com/wp-content/uploads/2021/06/Nagano-akiya-03.jpg,2024-03-11 16:37:52.771354
Hanayashiki Amusement Park,https://files.tofugu.com/articles/travel/2014-04-07-hanayashiki-amusement-park/hanayashiki1.jpg,2024-03-11 16:38:30.560903
Tokyo Disney Resort,https://media2.tokyodisneyresort.jp/home/top/park-safety.jpg,2024-03-11 16:43:20.704067
Ueno Zoo,"https://nb-img.imgix.net/images-stn-ueno/79-Ueno-Zoo21.jpg?auto=compress,enhance,format",2024-03-11 16:55:22.598724
Tokyo Sea Life Park,https://media.gettyimages.com/id/157771174/photo/tokyo-sea-life-park.jpg?s=612x612&w=0&k=20&c=Psel5Q2FdbzVs_HV5koNFVMNpvEJvWfCeHlgLXmX1aM=,2024-03-11 16:55:25.772775
Sanrio Puroland,https://travel.rakuten.com/contents/sites/contents/files/styles/max_1300x1300/public/2023-11/tokyo-sanrio-puroland_1.jpg?itok=yRdxkFF0,2024-03-11 16:55:28.852350
Tokyo Disneyland and DisneySea,"https://www.havehalalwilltravel.com/cdn-cgi/image/width=3840,f=auto,quality=60/https://minio.havehalalwilltravel.com/hhwt-upload/images/16012023115055_1665384161759_FEAT.original.format-webp.webp",2024-03-11 17:06:18.255731
Mount Mitake,https://asset.japan.travel/image/upload/v1543475790/tokyo/1631_1.jpg,2024-03-13 13:55:42.516441
LaQua Spa,https://aquaspaobx.com/wp-content/uploads/2018/05/aqua-spa-massage-services-e1592779488266.jpg,2024-03-13 14:41:16.316046
Marina Barrage,https://upload.wikimedia.org/wikipedia/commons/1/10/Marina_Barrage_300522.jpg,2024-03-13 14:46:24.372111
Clark Quay,"https://media.cntraveler.com/photos/5d543cc1390687000a7f842d/16:9/w_2560,c_limit/00-singapore-clarkequay-2019-GettyImages-617781874.jpg",2024-03-13 14:58:47.306142
National Orchid Garden,"https://cdn-imgix.headout.com/tour/25577/TOUR-IMAGE/6e740adc-c264-45bc-8169-93a98995234b-NOG-6.jpg?auto=format&w=552&h=412.8&q=90&ar=3:4&crop=faces,edges,focalpoint&fp-x=0.5&fp-y=0.5&fit=crop",2024-03-13 15:09:58.670621
Tokyo Disneyland Hotel,https://media2.tokyodisneyresort.jp/home/hotel/tdh/service/tdh_privilege_pickup_01.jpg,2024-03-13 15:20:41.915620
Fort Canning Park,https://media.timeout.com/images/105768439/750/422/image.jpg,2024-03-13 15:20:50.921476
Chinatown Heritage Centre,https://www.harokostudio.com/wp-content/uploads/project/chinatown-heritage-centre/chinatown-heritage-centre-slider01.jpg,2024-03-13 15:21:53.132604
Sri Mariamman Temple,https://upload.wikimedia.org/wikipedia/commons/c/cd/Sri_Mariamman_Temple_Singapore_Main_Hallway.jpg,2024-03-13 15:23:40.825639
Singapore Flyer,https://cdn-imgix.headout.com/tour/25320/TOUR-IMAGE/f0069c94-4ab3-4188-9208-32ec447c0793-13149-singapore-singapore-flyer-with-free-drink-04.jpg?fm=pjpg&auto=compress&w=1200&crop=faces&fit=min,2024-03-13 15:23:43.975703
Little India,https://littleindiadenvercolorado.com/wp-content/uploads/2023/01/little-india-restaurant.png,2024-03-13 15:23:46.883513
Chinatown Heritage Center,"https://upload.wikimedia.org/wikipedia/commons/b/b7/Chinatown_Heritage_Centre,_Singapore_-_www.joyofmuseums.com_-_external.jpg",2024-03-13 15:23:58.423431
Universal Studios Singapore,https://www.rwsentosa.com/-/jssmedia/project/non-gaming/rwsentosa/home/attractions/universal-studios-singapore-996x560.jpg?h=560&iar=0&w=996&rev=d2ffa817edcc4258b65525eb4d4f99d2&hash=06FDCC8838A742713EB5C1321CF4B643,2024-03-13 15:26:29.434655
Marina Bay Sands Skypark,"https://cdn-imgix.headout.com/media/images/6c6525164ec91f07d046252e9845d18b-7371-singapore-marina-bay-sands-skypark-observation-deck-tickets-01.jpg?auto=format&w=552&h=412.8&q=90&ar=3:4&crop=faces,center&fit=crop",2024-03-13 15:35:37.418558
Kamakura,https://media.istockphoto.com/id/1032747288/photo/kamakura-japan.jpg?s=612x612&w=0&k=20&c=XkVowXnbSRUxtRD3m_0cx7lHS4CeMa0fIPni2VvWawU=,2024-03-13 15:46:48.189346
Harajuku District,"https://i0.wp.com/www.touristjapan.com/wp-content/uploads/2017/06/district-of-Harajuku.jpg?resize=800,534&ssl=1",2024-03-13 15:52:34.851299
